player_id,player,espn_pos,gp,min,ast36,reb36,tpa36,blk36,low_minutes,pos_auto,override,pos
4871144,Alperen Sengun,C,72,2401,6.67,9.6,1.96,1.15,False,C,,C
3032976,Rudy Gobert,C,76,2378,1.94,13.2,0.08,1.88,False,C,,C
4066261,Bam Adebayo,C,73,2363,3.53,11.15,6.09,0.75,False,C,,C
3136195,Karl-Anthony Towns,C,76,2351,3.48,13.78,4.78,0.61,False,C,,C
4277847,Wendell Carter Jr.,C,78,2290,2.42,9.07,3.55,0.77,False,C,,C
3112335,Nikola Jokic,C,65,2265,11.08,13.29,4.69,0.84,False,C,,C
5105565,Donovan Clingan,C,77,2093,2.79,15.34,4.23,2.24,False,C,,C
4432158,Evan Mobley,C,65,2079,4.05,10.15,3.62,1.96,False,C,,C
4869780,Derik Queen,C,81,2028,5.29,10.15,1.56,1.31,False,C,,C
4396971,Naz Reid,C,77,2009,3.05,8.55,8.03,1.4,False,C,,C
4433255,Chet Holmgren,C,69,1998,2.07,11.06,4.38,2.36,False,C,,C
4433621,Jalen Duren,C,70,1978,2.51,13.41,0.0,1.07,False,C,,C
4898371,Maxime Raynaud,C,74,1968,1.83,10.17,1.35,0.71,False,C,,C
4278129,Deandre Ayton,C,72,1963,1.08,10.55,0.0,1.28,False,C,,C
4397424,Neemias Queta,C,76,1927,2.35,11.88,0.15,1.87,False,C,,C
4278067,Nic Claxton,C,69,1920,4.74,8.96,0.36,1.44,False,C,,C
3133628,Myles Turner,C,71,1910,1.94,7.12,7.24,2.17,False,C,,C
5104157,Victor Wembanyama,F,65,1893,3.8,14.11,6.77,3.78,False,C,,C
6478,Nikola Vucevic,C,64,1819,4.22,10.63,5.36,0.81,False,C,,C
4065731,Jay Huff,C,82,1723,2.53,6.77,7.79,3.2,False,C,,C
5105623,Kel'el Ware,C,77,1708,1.18,14.63,4.91,1.77,False,C,,C
3448,Brook Lopez,C,75,1635,2.14,6.01,6.98,1.92,False,C,,C
4066328,Jarrett Allen,C,56,1523,2.36,11.25,0.24,1.11,False,C,,C
3146557,Jock Landale,C,68,1509,2.74,9.23,4.6,0.86,False,C,,C
4576060,Ryan Kalkbrenner,C,69,1480,1.31,9.17,0.12,2.46,False,C,,C
3064560,Luke Kornet,C,69,1451,3.15,10.42,0.0,1.61,False,C,,C
4017837,Ivica Zubac,C,48,1450,2.61,12.64,0.0,0.99,False,C,,C
4701232,Mark Williams,C,60,1415,1.48,12.14,0.03,1.4,False,C,,C
4277922,Jericho Sims,C,66,1319,2.84,10.1,0.0,0.46,False,C,,C
4432810,Isaiah Stewart,C,58,1314,1.81,7.95,3.29,2.55,False,C,,C
5160992,Alex Sarr,C,48,1306,3.58,9.79,4.13,2.62,False,C,,C
5061589,Yves Missi,C,66,1295,2.34,10.7,0.03,2.81,False,C,,C
5105637,Adem Bona,C,71,1235,0.93,8.95,0.17,2.39,False,C,,C
6585,Andre Drummond,C,63,1235,2.33,15.51,2.62,1.43,False,C,,C
4397077,Jaxson Hayes,C,66,1209,1.76,8.07,0.09,1.55,False,C,,C
3059318,Joel Embiid,C,38,1197,4.51,8.81,4.78,1.38,False,C,,C
4351852,Mitchell Robinson,C,61,1194,1.63,16.28,0.0,2.17,False,C,,C
4278049,Daniel Gafford,F,55,1192,1.75,11.42,0.0,2.08,False,C,,C
4593016,Quinten Post,C,67,1161,2.91,8.34,8.59,1.09,False,C,,C
4432194,Day'Ron Sharpe,C,62,1159,4.5,12.83,1.21,0.81,False,C,,C
3134908,Jakob Poeltl,C,46,1150,2.91,10.11,0.0,1.0,False,C,,C
4222252,Isaiah Hartenstein,C,47,1142,5.23,13.96,0.22,1.13,False,C,,C
4277951,Luka Garza,C,69,1113,2.13,9.09,4.11,0.91,False,C,,C
3102530,Jusuf Nurkic,C,41,1084,6.51,14.11,2.36,0.73,False,C,,C
4066211,Robert Williams III,C,59,1009,2.14,14.81,0.82,3.1,False,C,,C
3213,Al Horford,C,45,971,4.3,8.12,7.6,1.89,False,C,,C
4348700,Goga Bitadze,C,64,970,3.12,11.88,0.41,2.26,False,C,,C
3102529,Clint Capela,C,75,925,1.95,13.43,0.08,2.45,False,C,,C
4433174,Dylan Cardwell,C,44,911,2.45,13.12,0.16,2.65,False,C,,C
4066399,Micah Potter,C,47,907,2.74,9.25,6.67,0.6,False,C,,C
4278562,Paul Reed,F,65,899,3.2,11.77,1.6,2.4,False,C,,C
6477,Jonas Valanciunas,C,65,871,3.22,13.6,1.07,1.53,False,C,,C
3102531,Kristaps Porzingis,C,32,770,3.79,7.81,7.48,1.78,False,C,,C
3934723,Thomas Bryant,C,60,734,1.62,10.05,6.43,1.28,False,C,,C
2991235,Steven Adams,C,32,730,2.37,13.61,0.0,0.99,False,C,,C
4278076,Nick Richards,C,47,703,0.82,12.44,0.92,1.64,False,C,,C
4701208,Moussa Cisse,C,37,530,0.61,14.67,0.0,3.06,False,C,,C
4871141,Ariel Hukporti,C,54,504,2.07,11.36,0.29,1.86,False,C,,C
4592435,Branden Carlson,C,42,491,2.13,9.09,6.31,1.98,False,C,,C
4065673,Tony Bradley,C,40,453,1.75,9.22,0.32,0.56,False,C,,C
4432827,Oscar Tshiebwe,C,27,447,2.58,14.42,0.0,0.4,False,C,,C
3150844,Moritz Wagner,C,36,427,2.28,9.7,5.9,0.17,False,C,,C
5108024,Yanic Konan Niederhauser,C,40,425,1.02,9.91,0.42,2.54,False,C,,C
5203685,Khaman Maluach,C,46,410,0.53,11.68,1.84,2.9,False,C,,C
4431778,Christian Koloko,C,27,358,1.81,8.15,0.91,2.31,False,C,,C
5279133,Joan Beringer,F,40,315,1.37,10.51,0.0,2.97,False,C,,C
5217746,Yang Hansen,C,43,301,2.63,7.89,5.02,1.2,False,C,,C
4600663,Zach Edey,C,11,284,1.52,15.46,0.63,2.66,False,C,,C
4066268,Duop Reath,C,32,256,1.41,5.34,7.73,1.12,False,C,,C
4701225,PJ Hall,C,17,214,1.68,12.62,0.84,1.68,False,C,,C
3442,DeAndre Jordan,C,12,198,2.0,13.82,0.0,1.82,False,C,,C
5107156,Lachlan Olbrich,C,14,196,4.78,12.12,2.02,1.29,False,C,,C
2488653,Mason Plumlee,C,20,172,4.19,11.09,0.0,0.0,False,C,,C
4433136,Walker Kessler,C,5,155,3.48,12.54,1.86,2.09,False,C,,C
4397886,Charles Bassey,C,13,153,1.65,13.41,0.0,2.59,False,C,,C
6427,Bismack Biyombo,C,25,144,1.25,6.5,0.0,0.5,True,C,,C
4683688,Dereck Lively II,C,7,115,4.07,11.58,0.0,3.44,True,C,,C
3074213,Omer Yurtseven,C,9,104,2.77,10.38,1.38,0.35,True,C,,C
4395623,Trey Jemison III,C,12,82,2.2,7.46,0.0,0.88,True,C,,C
4432068,Josh Oduro,C,3,81,1.78,10.22,0.89,0.0,True,C,,C
4432808,James Wiseman,C,4,59,1.83,4.88,0.0,0.61,True,C,,C
4596528,Lawson Lovering,C,2,50,2.16,10.8,0.0,0.72,True,C,,C
4277919,Mo Bamba,C,4,44,0.82,18.0,0.0,2.45,True,C,,C
4432180,Hunter Dickinson,C,5,43,1.67,4.19,3.35,1.67,True,C,,C
3936296,Skal Labissiere,C,3,38,2.84,8.53,4.74,0.95,True,C,,C
5157587,Rocco Zikarsky,C,5,37,1.95,13.62,0.0,4.86,True,C,,C
5107818,Isaac Jones,C,7,36,1.0,5.0,2.0,1.0,True,C,,C
4593049,Orlando Robinson,C,4,25,4.32,5.76,2.88,0.0,True,C,,C
4700818,Vladislav Goldin,C,9,23,4.7,14.09,0.0,4.7,True,C,,C
4397204,Colin Castleton,C,4,21,1.71,13.71,0.0,0.0,True,C,,C
4592401,N'Faly Dante,C,4,16,0.0,15.75,0.0,0.0,True,C,,C
4433134,Scottie Barnes,F,80,2681,6.36,8.06,3.01,1.56,False,PF,,PF
4701230,Jalen Johnson,F,72,2535,8.04,10.51,4.84,0.44,False,PF,,PF
4432573,Paolo Banchero,F,72,2499,5.37,8.7,3.96,0.58,False,PF,,PF
4431680,Onyeka Okongwu,F,74,2300,3.62,8.8,5.99,1.24,False,PF,,PF
4395723,Keldon Johnson,F,83,1926,2.07,8.3,5.14,0.21,False,PF,,PF
4433249,Moussa Diabate,F,73,1900,2.67,12.03,0.04,1.36,False,PF,,PF
4395628,Zion Williamson,F,62,1840,3.89,6.91,0.08,0.67,False,PF,,PF
4601023,Oso Ighodaro,F,82,1810,3.68,8.31,0.02,1.13,False,PF,,PF
4684793,Kyle Filipowski,F,77,1802,3.96,11.03,4.55,0.78,False,PF,,PF
4278580,Sandro Mamukelashvili,F,80,1752,3.1,8.12,6.08,0.84,False,PF,,PF
4431679,Precious Achiuwa,F,73,1749,2.08,10.13,2.0,1.03,False,PF,,PF
4278078,P.J. Washington,F,56,1732,2.04,8.19,4.86,1.25,False,PF,,PF
4278104,Michael Porter Jr.,F,52,1690,3.37,7.82,10.33,0.28,False,PF,,PF
4870562,Dominick Barlow,F,71,1685,1.86,7.26,1.75,1.13,False,PF,,PF
3064482,Bobby Portis,F,67,1617,2.34,9.53,6.59,0.27,False,PF,,PF
4903027,Cedric Coward,F,62,1602,3.84,8.18,6.18,0.61,False,PF,,PF
4433192,Tari Eason,F,60,1554,2.08,8.71,6.02,0.65,False,PF,,PF
4432907,Justin Champagnie,F,68,1377,2.2,10.04,4.34,1.12,False,PF,,PF
4888725,Ryan Dunn,F,70,1356,2.71,7.88,4.49,0.77,False,PF,,PF
4432823,Jaylin Williams,F,65,1279,4.45,10.08,7.21,1.18,False,PF,,PF
5093267,Collin Murray-Boyles,F,57,1245,3.07,8.24,1.45,1.53,False,PF,,PF
4277848,Marvin Bagley III,F,60,1203,2.54,10.95,1.56,1.29,False,PF,,PF
4593125,Santi Aldama,F,43,1197,3.79,8.63,6.02,0.93,False,PF,,PF
5107173,Danny Wolf,F,57,1192,3.84,8.49,6.37,0.97,False,PF,,PF
4712863,Mouhamed Gueye,F,77,1178,2.11,8.4,3.97,1.19,False,PF,,PF
4278077,Jarred Vanderbilt,F,65,1128,2.68,9.32,3.16,0.61,False,PF,,PF
4397189,Jalen Smith,F,53,1094,2.14,11.68,7.24,1.38,False,PF,,PF
3032977,Giannis Antetokounmpo,F,36,1039,6.79,12.2,1.56,0.83,False,PF,,PF
4017844,Guerschon Yabusele,F,67,1004,2.26,8.39,7.03,0.57,False,PF,,PF
3064290,Aaron Gordon,F,36,1003,3.45,7.5,5.64,0.36,False,PF,,PF
4997538,Karlo Matkovic,F,62,910,1.98,9.06,3.56,2.14,False,PF,,PF
4432170,Isaiah Jackson,F,55,908,2.06,11.5,0.12,1.94,False,PF,,PF
2531367,Dwight Powell,F,62,906,2.7,10.21,0.28,0.83,False,PF,,PF
4431675,Trendon Watford,F,53,864,5.5,7.25,2.08,0.92,False,PF,,PF
4433247,Jonathan Kuminga,F,36,831,3.6,8.75,4.55,0.48,False,PF,,PF
5061568,Carter Bryant,F,71,817,2.07,7.84,6.83,1.01,False,PF,,PF
5214637,Noah Penda,F,58,761,3.31,8.85,4.4,0.85,False,PF,,PF
4432446,Jabari Walker,F,64,758,1.61,9.12,4.51,0.62,False,PF,,PF
5044385,Leonard Miller,F,46,721,2.0,9.04,4.94,0.75,False,PF,,PF
4997537,Tristan Vukcevic,F,49,670,2.96,7.9,7.74,1.77,False,PF,,PF
4431690,Zeke Nnaji,F,52,627,1.67,7.81,3.1,1.38,False,PF,,PF
6583,Anthony Davis,F,20,625,3.23,12.73,2.13,1.9,False,PF,,PF
3449,Kevin Love,F,37,610,3.95,12.69,8.38,0.53,False,PF,,PF
5211176,Tidjane Salaun,F,37,576,1.69,9.31,5.19,0.44,False,PF,,PF
3155942,Domantas Sabonis,F,19,565,4.97,13.76,1.72,0.25,False,PF,,PF
3914285,Drew Eubanks,F,42,554,1.23,8.25,0.45,1.69,False,PF,,PF
4065648,Jayson Tatum,F,16,522,5.86,11.03,9.86,0.21,False,PF,,PF
4065654,Jonathan Isaac,F,50,520,1.52,9.14,2.63,2.15,False,PF,,PF
4431684,Trayce Jackson-Davis,F,52,499,2.81,10.39,0.07,1.73,False,PF,,PF
4610139,Jeremy Sochan,F,44,470,3.06,8.2,3.45,0.54,False,PF,,PF
2960236,Maxi Kleber,F,41,460,2.11,6.57,2.03,0.86,False,PF,,PF
4278355,Obi Toppin,F,24,425,4.66,8.98,8.89,0.08,False,PF,,PF
4431772,Myron Gardner,F,44,412,3.84,10.57,5.59,0.7,False,PF,,PF
3136777,Jae'Sean Tate,F,45,404,2.23,6.5,2.85,0.27,False,PF,,PF
4683742,Julian Reese,F,13,402,2.15,12.27,0.0,0.72,False,PF,,PF
2489663,Kelly Olynyk,F,41,362,4.87,7.56,4.67,0.3,False,PF,,PF
4432813,Jeremiah Robinson-Earl,F,22,362,1.49,10.24,4.08,0.1,False,PF,,PF
4684208,Brooks Barnhizer,F,40,349,2.27,8.05,2.48,0.52,False,PF,,PF
5174655,Chaney Johnson,F,17,345,3.76,8.24,3.13,0.94,False,PF,,PF
3155535,Kevon Looney,F,21,307,3.99,13.84,1.52,1.17,False,PF,,PF
4431786,Keshad Johnson,F,32,279,1.03,8.0,5.68,1.03,False,PF,,PF
4897449,Malevy Leons,F,25,276,3.0,6.91,2.09,1.17,False,PF,,PF
5107897,Jonathan Mogbo,F,38,251,3.59,9.75,0.14,1.15,False,PF,,PF
4277964,Xavier Tillman,F,28,186,2.52,8.32,3.48,0.97,False,PF,,PF
4066650,Zach Collins,F,10,184,2.93,10.96,4.11,0.78,False,PF,,PF
4395620,Hunter Tyson,F,21,162,3.78,8.0,7.33,0.22,False,PF,,PF
5060631,Adou Thiero,F,25,151,2.38,6.68,0.72,0.48,False,PF,,PF
4431678,Tyrese Maxey,G,70,2663,6.23,3.92,8.1,0.74,False,PG,,PG
3936299,Jamal Murray,G,75,2653,7.26,4.48,7.64,0.39,False,PG,,PG
3934672,Jalen Brunson,G,75,2637,6.98,3.43,7.28,0.12,False,PG,,PG
3078576,Derrick White,G,77,2623,5.68,4.65,8.78,1.35,False,PG,,PG
4066354,Payton Pritchard,G,79,2561,5.74,4.39,7.9,0.14,False,PG,,PG
4869342,Dyson Daniels,G,76,2523,6.41,7.42,1.67,0.44,False,PG,,PG
3992,James Harden,G,70,2443,8.21,4.95,8.44,0.41,False,PG,,PG
4591725,Ryan Rollins,G,74,2375,6.28,5.12,6.87,0.47,False,PG,,PG
3908809,Donovan Mitchell,G,70,2341,6.12,4.86,9.47,0.31,False,PG,,PG
3945274,Luka Doncic,G,64,2293,8.32,7.77,10.9,0.53,False,PG,,PG
4278585,Collin Gillespie,G,80,2278,5.86,5.17,9.13,0.25,False,PG,,PG
4845374,Bub Carrington,G,82,2272,6.04,4.37,6.56,0.27,False,PG,,PG
4066259,De'Aaron Fox,G,73,2264,7.22,4.33,6.38,0.3,False,PG,,PG
4278073,Shai Gilgeous-Alexander,G,68,2262,7.13,4.65,4.74,0.83,False,PG,,PG
4395724,Immanuel Quickley,G,70,2237,6.68,4.54,7.66,0.08,False,PG,,PG
4432166,Cade Cunningham,G,64,2172,10.51,5.88,6.07,0.9,False,PG,,PG
3136193,Devin Booker,G,64,2148,6.47,4.16,6.2,0.3,False,PG,,PG
4845367,Stephon Castle,G,69,2072,8.93,6.41,4.29,0.35,False,PG,,PG
3062679,Josh Hart,G,67,2025,5.69,8.78,4.36,0.32,False,PG,,PG
4432816,LaMelo Ball,G,72,2015,9.18,6.2,13.22,0.32,False,PG,,PG
4278053,Davion Mitchell,G,70,2000,8.15,3.37,4.1,0.2,False,PG,,PG
3468,Russell Westbrook,G,64,1853,8.28,6.76,7.36,0.23,False,PG,,PG
4432241,Jamal Shead,G,82,1847,8.65,2.79,5.11,0.29,False,PG,,PG
4395712,Andrew Nembhard,G,57,1786,8.81,3.23,5.97,0.16,False,PG,,PG
4433627,Keyonte George,G,54,1786,6.69,4.01,7.28,0.28,False,PG,,PG
4066457,Austin Reaves,G,51,1763,5.72,4.9,6.7,0.41,False,PG,,PG
4395626,Tre Jones,G,65,1753,7.19,4.19,2.67,0.23,False,PG,,PG
4871145,Josh Giddey,G,54,1733,10.26,9.31,5.88,0.56,False,PG,,PG
4433083,Cam Spencer,G,72,1717,8.39,3.84,6.81,0.23,False,PG,,PG
3032979,Dennis Schroder,G,70,1694,7.25,4.04,4.85,0.23,False,PG,,PG
5037871,Dylan Harper,G,70,1587,6.03,5.47,4.2,0.54,False,PG,,PG
4432165,Jalen Suggs,G,57,1570,7.15,5.04,8.25,0.92,False,PG,,PG
3995,Jrue Holiday,G,53,1558,7.44,5.66,8.36,0.14,False,PG,,PG
4683766,Isaiah Collier,G,59,1518,10.03,3.56,2.37,0.47,False,PG,,PG
4397040,Brandon Williams,G,66,1464,6.3,4.7,3.81,0.49,False,PG,,PG
5107199,Daniss Jenkins,G,72,1453,6.89,4.11,4.83,0.37,False,PG,,PG
4896372,Walter Clayton Jr.,G,69,1411,7.12,3.55,6.23,0.48,False,PG,,PG
4277869,Jose Alvarado,G,69,1371,6.14,4.49,7.54,0.21,False,PG,,PG
4396907,Darius Garland,G,45,1342,8.07,2.87,8.26,0.21,False,PG,,PG
4397140,Kevin Porter Jr.,G,38,1261,7.99,5.65,4.08,0.54,False,PG,,PG
4395651,Coby White,G,50,1249,5.76,4.9,9.17,0.14,False,PG,,PG
5279130,Nolan Traore,G,56,1246,6.15,2.86,5.55,0.66,False,PG,,PG
4592714,Pat Spencer,G,66,1225,6.82,4.64,4.94,0.15,False,PG,,PG
4592492,Bones Hyland,G,70,1179,5.74,3.88,9.13,0.52,False,PG,,PG
4433629,Ryan Nembhard,G,60,1170,9.72,4.09,4.15,0.06,False,PG,,PG
4701233,Craig Porter Jr.,G,64,1147,6.43,6.9,2.92,1.19,False,PG,,PG
4066993,Dru Smith,G,70,1146,5.65,5.43,4.05,0.66,False,PG,,PG
3195,Mike Conley,G,54,994,5.69,3.37,6.01,0.51,False,PG,,PG
3135046,Tyus Jones,G,67,981,5.83,2.79,5.03,0.11,False,PG,,PG
2530530,T.J. McConnell,G,56,962,10.74,4.64,1.87,0.37,False,PG,,PG
4593803,Jalen Williams,G,33,937,6.95,5.88,2.96,0.35,False,PG,,PG
5242502,Ben Saraf,G,44,916,5.7,3.62,3.54,0.31,False,PG,,PG
4592829,Quenton Jackson,G,49,898,5.61,4.57,4.73,0.24,False,PG,,PG
4781746,Javon Small,G,40,830,6.55,5.55,6.16,0.39,False,PG,,PG
4397227,Vince Williams Jr.,G,40,821,7.28,6.8,7.76,0.7,False,PG,,PG
4433225,Tyler Kolek,G,61,749,8.41,4.95,5.72,0.19,False,PG,,PG
4066421,Lonzo Ball,G,35,728,6.73,6.92,7.27,0.45,False,PG,,PG
4432173,Sharife Cooper,G,41,701,6.37,4.42,3.9,0.26,False,PG,,PG
4697268,Kam Jones,G,37,616,6.95,3.51,4.38,0.0,False,PG,,PG
4279888,Ja Morant,G,20,568,10.2,4.12,5.39,0.38,False,PG,,PG
4279118,Keaton Wallace,G,52,535,6.33,3.77,6.86,0.34,False,PG,,PG
4432809,Cole Anthony,G,35,527,8.27,5.94,4.92,0.75,False,PG,,PG
3136776,D'Angelo Russell,G,26,495,7.56,4.44,8.15,0.15,False,PG,,PG
4432107,Marcus Sasser,G,38,458,5.9,3.07,8.33,0.31,False,PG,,PG
4683024,Killian Hayes,G,23,405,7.2,4.8,5.6,0.36,False,PG,,PG
3907497,Dejounte Murray,G,14,390,8.22,6.92,5.72,0.28,False,PG,,PG
4277905,Trae Young,G,15,382,11.31,2.83,7.54,0.19,False,PG,,PG
3064230,Cameron Payne,G,22,375,5.57,4.22,9.31,0.67,False,PG,,PG
4683935,Blake Wesley,G,31,363,6.15,3.87,3.57,0.5,False,PG,,PG
4432646,Kennedy Chandler,G,11,354,7.53,3.76,3.86,0.2,False,PG,,PG
4065733,Ty Jerome,G,15,341,8.97,4.43,10.56,0.42,False,PG,,PG
4683834,KJ Simpson,G,20,257,6.02,5.18,5.6,0.0,False,PG,,PG
4066796,DeJon Jarreau,G,11,230,5.63,7.98,4.7,1.25,False,PG,,PG
2779,Chris Paul,G,16,228,8.37,4.42,4.74,0.0,False,PG,,PG
4576085,JD Davison,G,28,219,5.75,5.59,5.26,0.99,False,PG,,PG
4431785,Scotty Pippen Jr.,G,10,212,7.98,3.74,5.43,0.68,False,PG,,PG
5159895,Yuki Kawamura,G,18,211,8.02,5.63,6.31,0.0,False,PG,,PG
4431941,RayJ Dennis,G,17,206,5.77,4.54,7.86,0.7,False,PG,,PG
5159925,Nikola Topic,G,10,161,9.84,4.25,3.35,0.0,False,PG,,PG
3202,Kevin Durant,F,78,2841,4.71,5.4,5.7,0.9,False,SF,,SF
4431736,Toumani Camara,F,82,2730,2.65,5.55,7.81,0.46,False,SF,,SF
4432639,Jabari Smith Jr.,F,77,2706,1.9,7.04,6.49,0.94,False,SF,,SF
3064514,Julius Randle,F,79,2612,5.49,7.33,4.77,0.25,False,SF,,SF
3913176,Brandon Ingram,F,77,2602,3.93,5.95,4.88,0.76,False,SF,,SF
4066383,Miles Bridges,F,77,2386,3.71,6.79,6.71,0.51,False,SF,,SF
5041939,Cooper Flagg,F,70,2349,4.84,7.14,3.74,0.98,False,SF,,SF
4397688,Trey Murphy III,F,66,2341,3.84,5.8,8.69,0.37,False,SF,,SF
4431671,Jaden McDaniels,F,73,2317,3.09,4.82,3.88,1.13,False,SF,,SF
4592479,Julian Champagnie,F,83,2292,2.01,7.46,8.1,0.61,False,SF,,SF
3934719,OG Anunoby,F,68,2266,2.35,5.72,6.62,0.78,False,SF,,SF
4711294,Matas Buzelis,F,77,2248,2.53,7.17,7.93,1.86,False,SF,,SF
2583632,Royce O'Neale,F,78,2213,3.38,6.05,8.46,0.52,False,SF,,SF
4683021,Deni Avdija,F,66,2202,7.23,7.42,6.43,0.67,False,SF,,SF
4278594,Naji Marshall,F,74,2183,3.97,5.74,3.51,0.1,False,SF,,SF
4432848,Jaime Jaquez Jr.,F,75,2123,5.97,6.36,3.1,0.36,False,SF,,SF
3157465,Duncan Robinson,F,77,2113,2.71,3.49,9.13,0.37,False,SF,,SF
6450,Kawhi Leonard,F,65,2087,4.04,7.12,7.68,0.47,False,SF,,SF
3059319,Andrew Wiggins,F,68,2064,3.17,5.74,5.81,1.2,False,SF,,SF
4592691,Jake LaRavia,F,82,2064,2.53,5.69,4.24,0.66,False,SF,,SF
3149673,Pascal Siakam,F,62,2058,4.13,7.19,5.13,0.44,False,SF,,SF
6578,Harrison Barnes,F,78,2012,2.68,3.86,6.48,0.23,False,SF,,SF
1966,LeBron James,F,60,1988,7.82,6.59,4.4,0.63,False,SF,,SF
4433287,Brandon Miller,F,65,1969,3.97,5.83,9.75,0.8,False,SF,,SF
5106060,Jarace Walker,F,76,1956,3.53,7.2,6.55,0.48,False,SF,,SF
4065804,Sam Hauser,F,78,1933,2.12,5.59,9.39,0.43,False,SF,,SF
4066648,Rui Hachimura,F,68,1927,1.06,4.22,4.89,0.39,False,SF,,SF
4702382,Tristan da Silva,F,77,1901,2.35,5.38,6.08,0.47,False,SF,,SF
6589,Draymond Green,F,68,1870,7.24,7.22,5.97,0.81,False,SF,,SF
3908845,John Collins,F,69,1869,1.35,7.07,4.22,0.98,False,SF,,SF
5112087,Jaylen Wells,F,69,1821,2.19,4.35,7.22,0.18,False,SF,,SF
3134907,Kyle Kuzma,F,69,1810,3.66,6.23,4.75,0.56,False,SF,,SF
4712896,Noah Clowney,F,66,1782,2.18,5.52,7.92,0.91,False,SF,,SF
5105839,Brice Sensabaugh,F,74,1763,2.92,4.72,9.03,0.25,False,SF,,SF
6440,Tobias Harris,F,63,1749,3.23,6.65,4.59,0.54,False,SF,,SF
4395625,RJ Barrett,F,57,1724,3.95,6.26,5.91,0.4,False,SF,,SF
3155526,Dillon Brooks,F,56,1702,2.09,4.29,7.8,0.19,False,SF,,SF
2991070,Jerami Grant,F,57,1697,2.59,4.2,7.42,0.76,False,SF,,SF
4432822,Isaac Okoro,F,63,1697,2.12,3.67,4.69,0.62,False,SF,,SF
3138196,Cameron Johnson,F,54,1648,2.88,4.5,5.59,0.46,False,SF,,SF
4895758,Cody Williams,F,67,1629,3.03,4.38,2.9,0.57,False,SF,,SF
4277813,Herbert Jones,F,56,1589,3.51,4.3,5.87,0.61,False,SF,,SF
4683771,Ronald Holland II,F,78,1544,2.22,7.34,4.62,0.63,False,SF,,SF
5211175,Zaccharie Risacher,F,67,1502,1.82,6.16,6.18,0.86,False,SF,,SF
4431687,Patrick Williams,F,72,1476,2.56,5.24,6.68,0.63,False,SF,,SF
4277961,Jaren Jackson Jr.,F,48,1456,2.32,6.73,5.81,1.71,False,SF,,SF
4066336,Lauri Markkanen,F,42,1444,2.22,7.2,8.08,0.52,False,SF,,SF
6609,Khris Middleton,F,63,1438,4.41,5.78,4.66,0.23,False,SF,,SF
4592427,Spencer Jones,F,63,1418,1.29,5.31,3.66,0.74,False,SF,,SF
4997536,Gui Santos,F,68,1398,4.09,6.85,5.72,0.57,False,SF,,SF
5174563,Kyshawn George,F,48,1389,5.55,6.35,6.74,1.11,False,SF,,SF
3936099,Derrick Jones Jr.,F,50,1347,1.84,4.62,4.09,1.34,False,SF,,SF
4594326,Kris Murray,F,57,1337,2.18,5.55,3.28,0.59,False,SF,,SF
3912848,Dean Wade,F,59,1321,2.4,6.73,5.34,0.63,False,SF,,SF
3416,Nicolas Batum,F,74,1292,1.78,5.13,6.35,0.64,False,SF,,SF
4433137,Ziaire Williams,F,56,1280,1.69,3.77,7.06,0.59,False,SF,,SF
6430,Jimmy Butler III,F,38,1185,5.62,6.41,2.58,0.24,False,SF,,SF
5105550,GG Jackson,F,54,1178,2.48,7.18,5.9,1.34,False,SF,,SF
3899664,Simone Fontecchio,F,70,1177,3.09,6.45,10.03,0.28,False,SF,,SF
4065732,De'Andre Hunter,F,45,1177,2.75,5.66,7.52,0.18,False,SF,,SF
4251,Paul George,F,37,1132,4.23,6.23,8.11,0.51,False,SF,,SF
4684806,Taylor Hendricks,F,59,1123,1.76,7.08,5.9,0.96,False,SF,,SF
4997526,Ousmane Dieng,F,57,1104,4.43,5.87,6.03,0.55,False,SF,,SF
4280151,Corey Kispert,F,58,1082,3.06,4.39,7.89,0.3,False,SF,,SF
4566434,Franz Wagner,F,34,1019,3.99,6.25,4.91,0.39,False,SF,,SF
5106268,Nae'Qwan Tomlin,F,64,1007,1.89,6.65,4.11,1.22,False,SF,,SF
4595400,Olivier-Maxence Prosper,F,52,983,1.87,6.85,5.42,0.48,False,SF,,SF
4711297,Justin Edwards,F,63,975,2.95,3.47,6.65,0.41,False,SF,,SF
2581184,Anthony Gill,F,54,953,2.61,5.97,1.81,0.79,False,SF,,SF
4431714,Jalen Wilson,F,54,861,2.09,4.77,6.36,0.08,False,SF,,SF
3138160,Caleb Martin,F,58,860,3.39,5.99,2.39,0.63,False,SF,,SF
2993874,Kyle Anderson,F,43,855,5.31,6.32,0.46,1.09,False,SF,,SF
4687718,Josh Minott,F,49,832,1.99,6.84,6.62,1.04,False,SF,,SF
4997528,Nikola Jovic,F,46,810,4.53,6.8,7.42,0.76,False,SF,,SF
4594327,Keegan Murray,F,23,795,1.72,5.98,5.07,1.63,False,SF,,SF
4397233,Pete Nance,F,47,732,2.36,6.15,5.85,0.69,False,SF,,SF
4066218,Grant Williams,F,36,713,2.83,7.17,6.77,0.91,False,SF,,SF
5105977,Rasheer Fleming,F,55,677,0.85,6.59,6.91,1.12,False,SF,,SF
5289900,Mohamed Diawara,F,68,635,3.0,5.33,7.37,0.34,False,SF,,SF
2578185,Dorian Finney-Smith,F,37,619,2.09,5.41,5.82,0.35,False,SF,,SF
2990962,Taurean Prince,F,26,613,2.7,4.76,8.22,0.35,False,SF,,SF
4897943,Dalton Knecht,F,54,552,1.37,4.89,7.24,0.72,False,SF,,SF
4431893,Jamison Battle,F,60,519,1.66,6.17,5.9,0.21,False,SF,,SF
4873201,Asa Newell,F,43,502,1.86,6.88,5.38,1.08,False,SF,,SF
4278572,Jamal Cain,F,37,483,2.16,5.81,5.44,0.3,False,SF,,SF
2580365,Larry Nance Jr.,F,35,450,2.72,7.44,5.04,0.48,False,SF,,SF
2528588,Doug McDermott,F,29,439,1.8,3.03,10.09,0.33,False,SF,,SF
4395650,Leaky Black,F,15,432,1.83,6.25,4.58,0.67,False,SF,,SF
5105553,Julian Phillips,F,48,429,0.84,4.11,5.45,0.59,False,SF,,SF
5105592,Cam Whitmore,F,21,354,1.53,5.9,5.69,0.81,False,SF,,SF
4277957,Isaiah Livers,F,36,349,2.17,6.29,4.13,0.83,False,SF,,SF
4432821,E.J. Liddell,F,26,349,2.48,7.12,5.36,1.03,False,SF,,SF
4398207,Jalen Slawson,F,13,311,4.17,6.6,4.63,1.62,False,SF,,SF
4431914,Tyler Burton,F,12,306,1.41,5.88,7.76,0.47,False,SF,,SF
4066317,Lindy Waters III,F,40,287,2.38,3.64,9.91,0.13,False,SF,,SF
4396963,Blake Hinson,F,14,286,2.01,4.15,9.94,0.25,False,SF,,SF
4565201,Malaki Branham,F,26,276,3.0,5.74,4.83,0.39,False,SF,,SF
4431695,Drew Timme,F,26,236,3.51,5.03,3.81,0.0,False,SF,,SF
4700873,Toby Okani,F,6,217,1.0,3.48,5.14,0.5,False,SF,,SF
4433607,DaRon Holmes II,F,25,209,2.76,6.03,7.75,1.03,False,SF,,SF
4432179,MarJon Beauchamp,F,14,196,2.76,5.88,8.63,0.73,False,SF,,SF
3059409,Nigel Hayes-Davis,F,27,194,1.3,6.12,2.97,0.37,False,SF,,SF
3934620,Trevon Scott,F,6,183,1.97,6.1,3.74,0.98,False,SF,,SF
4432735,Dariq Whitehead,F,6,183,1.77,4.72,11.8,0.0,False,SF,,SF
3209,Jeff Green,F,30,176,1.64,5.11,9.0,0.41,False,SF,,SF
5167876,Tyler Smith,F,12,167,1.08,7.11,7.54,0.0,False,SF,,SF
2968436,Joe Ingles,F,22,152,8.05,4.5,3.79,0.47,False,SF,,SF
3102533,Thanasis Antetokounmpo,F,33,147,3.67,7.35,0.98,1.47,True,SF,,SF
4702745,Amari Williams,F,21,145,2.48,9.93,0.0,2.48,True,SF,,SF
5211983,Pacome Dadiet,F,28,138,3.13,7.04,8.35,0.26,True,SF,,SF
4397882,Tolu Smith,F,15,137,3.42,12.88,0.0,1.58,True,SF,,SF
4997539,Luke Travers,F,12,105,3.09,8.23,5.49,1.37,True,SF,,SF
3986,Taj Gibson,F,10,97,2.23,10.02,2.23,0.37,True,SF,,SF
3948153,Chris Boucher,F,9,94,1.15,6.89,5.74,2.68,True,SF,,SF
4592857,Isaiah Crawford,F,14,94,1.91,6.13,4.98,1.15,True,SF,,SF
4291678,Haywood Highsmith,F,6,91,2.77,5.14,5.54,0.0,True,SF,,SF
4431734,Tristan Enaruna,F,9,86,2.93,5.86,4.19,0.0,True,SF,,SF
4433623,Caleb Houstan,F,18,75,1.92,5.28,10.08,0.48,True,SF,,SF
4906923,Bobi Klintman,F,12,74,2.92,9.24,6.32,0.0,True,SF,,SF
4593041,David Roddy,F,5,73,1.97,9.86,5.42,0.49,True,SF,,SF
4713010,David Jones Garcia,F,11,70,9.26,6.69,2.57,0.51,True,SF,,SF
4397689,Drew Peterson,F,6,65,1.11,4.98,6.65,0.55,True,SF,,SF
4697270,Payton Sandfort,F,4,63,0.0,5.71,9.71,0.0,True,SF,,SF
4397885,Dalano Banton,F,6,62,6.39,2.9,0.58,2.9,True,SF,,SF
4592187,Wendell Moore Jr.,F,6,60,2.4,3.6,0.6,1.2,True,SF,,SF
5177362,Riley Minix,F,9,59,3.05,3.66,7.32,0.61,True,SF,,SF
3138161,Cody Martin,F,4,55,1.31,9.16,3.27,1.31,True,SF,,SF
4433569,Johni Broome,F,11,55,2.62,10.47,3.27,1.31,True,SF,,SF
4592933,Mouhamadou Gueye,F,2,46,4.7,4.7,3.91,0.78,True,SF,,SF
4593043,John Tonje,F,5,42,1.71,5.14,8.57,0.0,True,SF,,SF
3032978,Dario Saric,F,5,40,1.8,5.4,2.7,0.0,True,SF,,SF
4702602,CJ Huntley,F,4,40,1.8,4.5,2.7,0.0,True,SF,,SF
4278046,Olivier Sarr,F,4,39,4.62,10.15,2.77,2.77,True,SF,,SF
4702159,Dillon Jones,F,7,39,3.69,6.46,4.62,0.0,True,SF,,SF
4592699,Enrique Freeman,F,4,37,1.95,9.73,3.89,2.92,True,SF,,SF
4702670,Grant Nelson,F,4,35,5.14,6.17,0.0,5.14,True,SF,,SF
4702785,Jahmyl Telfort,F,8,34,1.06,3.18,4.24,0.0,True,SF,,SF
4432872,Emanuel Miller,F,5,33,4.36,3.27,6.55,0.0,True,SF,,SF
4433618,Harrison Ingram,F,7,26,1.38,4.15,1.38,0.0,True,SF,,SF
4702134,Norchad Omier,F,6,23,3.13,10.96,1.57,0.0,True,SF,,SF
3906665,Brandon Clarke,F,2,21,1.71,10.29,0.0,0.0,True,SF,,SF
4432452,Alex Antetokounmpo,F,6,20,1.8,10.8,12.6,1.8,True,SF,,SF
4433622,Chris Livingston,F,3,17,2.12,6.35,6.35,0.0,True,SF,,SF
4592461,Jacob Toppin,F,5,17,2.12,2.12,0.0,2.12,True,SF,,SF
4395676,Buddy Boeheim,F,4,16,0.0,0.0,13.5,0.0,True,SF,,SF
4597865,Tosan Evbuomwan,F,5,8,0.0,9.0,0.0,0.0,True,SF,,SF
5242496,Noa Essengue,F,2,6,0.0,0.0,12.0,0.0,True,SF,,SF
5165257,Trentyn Flowers,F,2,5,7.2,7.2,7.2,0.0,True,SF,,SF
4684740,Amen Thompson,G,79,2954,5.12,7.48,1.41,0.58,False,SG,,SG
4066320,Desmond Bane,G,82,2757,4.41,4.41,5.58,0.48,False,SG,,SG
3147657,Mikal Bridges,G,82,2728,4.08,4.18,5.61,0.82,False,SG,,SG
5124612,VJ Edgecombe,G,75,2626,4.32,5.8,5.77,0.53,False,SG,,SG
4278039,Nickeil Alexander-Walker,G,78,2603,3.96,3.71,8.7,0.58,False,SG,,SG
5061575,Kon Knueppel,G,81,2549,3.87,6.1,9.07,0.27,False,SG,,SG
3934673,Donte DiVincenzo,G,82,2498,4.51,4.84,9.28,0.49,False,SG,,SG
3917376,Jaylen Brown,G,71,2443,5.36,7.25,5.95,0.4,False,SG,,SG
3978,DeMar DeRozan,G,77,2411,4.72,3.37,2.19,0.34,False,SG,,SG
4709138,Brandin Podziemski,G,82,2334,4.69,6.46,6.35,0.23,False,SG,,SG
4397475,AJ Green,G,78,2273,2.41,3.37,8.77,0.13,False,SG,,SG
2490149,CJ McCollum,G,76,2261,4.67,4.01,8.12,0.56,False,SG,,SG
4397136,Saddiq Bey,G,72,2246,2.92,6.41,6.6,0.11,False,SG,,SG
4432582,Max Christie,G,77,2243,2.42,4.0,7.16,0.43,False,SG,,SG
2991139,Kris Dunn,G,82,2232,4.76,4.37,3.45,0.23,False,SG,,SG
4397014,Quentin Grimes,G,75,2212,3.97,4.44,6.18,0.46,False,SG,,SG
4711272,Reed Sheppard,G,82,2150,4.64,3.99,9.64,0.9,False,SG,,SG
4594268,Anthony Edwards,G,61,2134,3.81,5.09,8.67,0.83,False,SG,,SG
2528210,Tim Hardaway Jr.,G,80,2132,1.82,3.48,9.29,0.17,False,SG,,SG
5144091,Jeremiah Fears,G,82,2110,4.76,5.12,5.22,0.51,False,SG,,SG
4395630,Devin Vassell,G,68,2078,2.95,4.75,7.61,0.43,False,SG,,SG
4683692,Cason Wallace,G,77,2048,3.52,4.18,5.06,0.49,False,SG,,SG
4065670,Bruce Brown,G,82,1996,3.14,5.74,2.67,0.36,False,SG,,SG
4873138,Ace Bailey,G,72,1984,2.38,5.48,7.22,0.89,False,SG,,SG
4712849,Anthony Black,G,64,1913,4.44,4.59,5.65,0.85,False,SG,,SG
4684742,Ausar Thompson,G,73,1900,4.32,7.92,0.45,1.31,False,SG,,SG
4397002,Ayo Dosunmu,G,69,1883,4.76,4.53,5.35,0.34,False,SG,,SG
4702384,Nique Clifford,G,75,1882,3.42,5.39,4.42,0.46,False,SG,,SG
4601025,Pelle Larsson,G,70,1852,4.59,4.74,3.73,0.31,False,SG,,SG
4397020,Luguentz Dort,G,69,1851,1.65,4.76,7.24,0.53,False,SG,,SG
4602025,Sion James,G,82,1840,3.19,5.62,4.62,0.39,False,SG,,SG
4683747,Jaylon Tyson,G,66,1779,2.97,6.84,6.03,0.57,False,SG,,SG
2990992,Marcus Smart,G,62,1769,3.76,3.5,5.96,0.47,False,SG,,SG
2595516,Norman Powell,G,58,1719,2.99,4.23,8.59,0.29,False,SG,,SG
3913174,Luke Kennard,G,78,1682,3.72,3.9,5.24,0.17,False,SG,,SG
5144126,Will Riley,G,74,1631,3.22,4.68,5.45,0.2,False,SG,,SG
4683634,Bennedict Mathurin,G,54,1618,2.87,6.52,5.3,0.29,False,SG,,SG
4277811,Collin Sexton,G,68,1613,4.98,3.46,6.23,0.22,False,SG,,SG
4576087,Peyton Watson,G,54,1596,2.5,5.95,4.44,1.38,False,SG,,SG
4278402,Jordan Goodwin,G,70,1576,3.45,7.79,6.9,0.32,False,SG,,SG
3133603,Kelly Oubre Jr.,G,50,1575,1.83,5.76,5.46,0.55,False,SG,,SG
4066372,Kevin Huerter,G,69,1552,4.13,5.57,7.54,0.77,False,SG,,SG
4432171,Moses Moody,G,60,1541,2.29,4.67,8.81,0.79,False,SG,,SG
3907823,Terance Mann,G,63,1531,4.47,4.7,3.62,0.35,False,SG,,SG
4395702,Isaiah Joe,G,71,1506,2.25,4.33,10.23,0.26,False,SG,,SG
6475,Klay Thompson,G,69,1494,2.31,3.45,12.7,0.53,False,SG,,SG
4702177,Keon Ellis,G,72,1476,1.76,3.29,6.12,1.12,False,SG,,SG
4684272,Ja'Kobe Walter,G,72,1472,2.1,4.52,6.58,0.34,False,SG,,SG
4900671,Ajay Mitchell,G,57,1471,5.04,4.65,4.31,0.44,False,SG,,SG
4914336,Shaedon Sharpe,G,50,1471,3.23,5.31,7.49,0.15,False,SG,,SG
3135045,Grayson Allen,G,51,1469,4.78,3.8,11.15,0.32,False,SG,,SG
5104155,Bilal Coulibaly,G,56,1469,3.55,5.96,5.0,1.32,False,SG,,SG
2596112,Javonte Green,G,82,1445,1.4,5.73,6.15,0.62,False,SG,,SG
5238230,Tre Johnson,G,60,1438,3.05,4.26,8.04,0.45,False,SG,,SG
4593841,Baylor Scheierman,G,77,1434,2.91,6.75,6.1,0.15,False,SG,,SG
5081727,Sidy Cissoko,G,75,1434,2.76,4.17,4.97,0.63,False,SG,,SG
4397183,Aaron Wiggins,G,65,1417,2.77,5.06,6.86,0.71,False,SG,,SG
4431767,Christian Braun,G,44,1399,3.09,5.43,3.68,0.31,False,SG,,SG
4433076,Ben Sheppard,G,65,1391,2.95,5.05,6.0,0.16,False,SG,,SG
4578893,Vit Krejci,G,65,1389,2.59,3.84,8.5,0.47,False,SG,,SG
4066757,Sam Merrill,G,52,1377,3.27,3.48,9.8,0.18,False,SG,,SG
4277843,Gary Trent Jr.,G,65,1377,2.07,1.75,8.94,0.08,False,SG,,SG
4897262,Will Richard,G,69,1377,2.43,4.5,5.54,0.24,False,SG,,SG
4351851,Anfernee Simons,G,55,1371,3.52,3.54,9.95,0.21,False,SG,,SG
4066262,Malik Monk,G,62,1363,4.89,3.09,8.29,0.63,False,SG,,SG
4065663,Josh Okogie,G,78,1360,1.83,5.29,4.26,0.42,False,SG,,SG
4702352,Kobe Sanders,G,68,1353,2.9,4.07,5.22,0.27,False,SG,,SG
4396909,Aaron Nesmith,G,45,1334,2.32,5.05,7.48,0.62,False,SG,,SG
3975,Stephen Curry,G,43,1331,5.49,4.17,13.09,0.46,False,SG,,SG
4396818,Jordan Miller,G,60,1322,3.7,4.96,3.0,0.3,False,SG,,SG
5037873,Drake Powell,G,63,1319,2.48,3.03,4.97,0.38,False,SG,,SG
2528426,Jordan Clarkson,G,73,1308,2.64,3.55,6.08,0.28,False,SG,,SG
5175643,Egor Demin,G,52,1305,4.77,4.55,8.88,0.47,False,SG,,SG
3064440,Zach LaVine,G,39,1226,2.61,3.17,7.46,0.29,False,SG,,SG
4683689,Jordan Walsh,G,68,1214,1.6,8.07,3.71,0.92,False,SG,,SG
3914044,Landry Shamet,G,51,1173,2.21,2.82,8.07,0.28,False,SG,,SG
4683778,Jared McCain,G,67,1163,2.79,4.24,7.96,0.15,False,SG,,SG
2991043,Caris LeVert,G,60,1154,4.96,3.65,5.62,1.28,False,SG,,SG
3133602,Svi Mykhailiuk,G,50,1154,2.9,3.87,7.49,0.09,False,SG,,SG
3134903,Gary Payton II,G,73,1142,3.88,8.35,4.0,0.66,False,SG,,SG
4066436,De'Anthony Melton,G,49,1127,3.99,5.05,7.83,0.64,False,SG,,SG
3134932,John Konchar,G,56,1116,3.81,7.74,3.19,1.23,False,SG,,SG
2581018,Kentavious Caldwell-Pope,G,51,1084,4.62,4.15,5.78,0.27,False,SG,,SG
5175647,Hugo Gonzalez,G,73,1083,1.33,8.18,3.86,0.7,False,SG,,SG
4431823,Miles McBride,G,41,1080,3.53,3.33,9.03,0.3,False,SG,,SG
5099752,Rayan Rupert,G,64,1072,2.28,6.31,4.57,0.3,False,SG,,SG
5106258,Gradey Dick,G,76,1067,1.72,4.96,6.28,0.24,False,SG,,SG
4606840,Jamir Watkins,G,48,1030,2.34,6.78,5.52,0.87,False,SG,,SG
4395725,Tyler Herro,G,33,1029,4.76,5.53,7.77,0.42,False,SG,,SG
2991350,Alex Caruso,G,56,1022,3.87,5.46,6.38,0.6,False,SG,,SG
4433144,Caleb Love,G,49,1015,4.36,4.04,10.36,0.14,False,SG,,SG
4397018,Ochai Agbaji,G,62,976,1.73,5.2,4.72,0.63,False,SG,,SG
4684275,Rob Dillingham,G,65,969,5.31,4.87,4.94,0.22,False,SG,,SG
4431752,Kobe Brown,G,60,962,2.99,6.92,5.2,0.45,False,SG,,SG
5214640,Kasparas Jakucionis,G,53,949,5.2,5.23,5.92,0.27,False,SG,,SG
4277956,Jordan Poole,G,39,935,4.58,2.96,11.09,0.58,False,SG,,SG
4432185,Micah Peavy,G,61,913,2.41,4.61,4.26,0.35,False,SG,,SG
4432811,Josh Green,G,58,908,1.86,4.04,5.47,0.24,False,SG,,SG
4868423,Jaden Hardy,G,57,900,2.32,3.44,10.48,0.24,False,SG,,SG
4432247,Jaylen Clark,G,68,889,1.74,4.86,4.09,0.36,False,SG,,SG
4432174,Cam Thomas,G,42,883,4.4,2.89,6.85,0.16,False,SG,,SG
4576086,Bryce McGowens,G,42,881,2.53,3.6,3.8,0.33,False,SG,,SG
3137259,Gabe Vincent,G,53,877,3.12,2.22,7.1,0.12,False,SG,,SG
3133635,Jevon Carter,G,53,868,3.61,3.69,8.92,0.41,False,SG,,SG
4432181,Julian Strawther,G,57,861,2.55,4.77,6.27,0.25,False,SG,,SG
3133626,Kenrich Williams,G,56,854,3.33,7.88,5.44,0.21,False,SG,,SG
4279318,Daeqwon Plowden,G,32,843,1.75,4.14,7.94,0.3,False,SG,,SG
4437244,Jalen Green,G,32,829,3.95,5.04,9.86,0.35,False,SG,,SG
2990984,Buddy Hield,G,51,820,3.12,5.09,9.31,0.4,False,SG,,SG
4398390,Jalen Pickett,G,50,806,5.14,5.09,5.67,0.22,False,SG,,SG
3922230,Aaron Holiday,G,57,779,2.77,2.68,7.86,0.23,False,SG,,SG
4397179,Tyrese Martin,G,46,775,3.62,5.39,7.66,0.28,False,SG,,SG
4683678,Scoot Henderson,G,30,747,5.4,3.86,7.81,0.43,False,SG,,SG
4433188,Devin Carter,G,38,701,5.19,6.42,5.85,0.46,False,SG,,SG
5105806,Jett Howard,G,55,699,2.32,4.48,7.47,0.57,False,SG,,SG
4683750,Jordan Hawkins,G,51,689,2.19,4.6,7.05,0.52,False,SG,,SG
4432819,Tre Mann,G,53,670,4.62,4.94,8.33,0.27,False,SG,,SG
4433218,Jaden Ivey,G,37,670,3.65,4.89,7.2,0.75,False,SG,,SG
4683934,Jahmai Mashack,G,30,670,3.71,4.35,4.03,0.75,False,SG,,SG
2999547,Gary Harris,G,48,664,2.77,3.31,3.69,0.49,False,SG,,SG
4278516,Ethan Thompson,G,32,655,3.13,3.79,6.38,0.49,False,SG,,SG
4280245,Jamaree Bouyea,G,46,645,4.58,4.58,4.35,0.89,False,SG,,SG
5157066,Johnny Furphy,G,35,640,2.31,8.61,3.99,0.39,False,SG,,SG
5239561,Jase Richardson,G,54,589,3.54,3.85,4.83,0.12,False,SG,,SG
4433159,Dalen Terry,G,48,550,4.32,5.63,4.32,0.98,False,SG,,SG
5023693,Tyrese Proctor,G,50,549,4.85,4.2,8.59,0.0,False,SG,,SG
4397449,Elijah Harkless,G,26,545,4.95,3.5,5.81,0.4,False,SG,,SG
4432847,Terrence Shannon Jr.,G,43,534,2.56,3.3,5.12,0.07,False,SG,,SG
4898237,Bez Mbeng,G,15,493,4.53,4.16,2.26,0.37,False,SG,,SG
4703421,Taelon Peter,G,38,492,2.93,4.32,9.15,0.29,False,SG,,SG
4066387,Amir Coffey,G,46,491,1.98,4.18,3.59,0.37,False,SG,,SG
3907498,Matisse Thybulle,G,30,481,2.02,4.42,6.96,1.2,False,SG,,SG
4845363,Cam Christie,G,54,479,2.33,5.86,3.68,0.23,False,SG,,SG
5170947,AJ Johnson,G,47,455,3.72,4.35,4.51,0.24,False,SG,,SG
3037789,Bogdan Bogdanovic,G,23,453,4.05,4.69,7.55,0.24,False,SG,,SG
4432190,Andre Jackson Jr.,G,46,406,3.81,6.38,5.32,0.35,False,SG,,SG
4432887,Tyson Etienne,G,24,380,3.79,2.56,10.23,0.0,False,SG,,SG
4683774,Bronny James,G,42,377,4.87,2.2,5.44,0.38,False,SG,,SG
4683686,Nick Smith Jr.,G,30,375,2.98,2.21,8.26,0.19,False,SG,,SG
5239590,Liam McNeeley,G,31,366,2.36,7.18,5.9,0.3,False,SG,,SG
4397784,Malachi Smith,G,15,359,4.91,5.11,4.61,0.4,False,SG,,SG
4397251,Ron Harper Jr.,G,28,316,2.51,5.47,9.11,1.03,False,SG,,SG
2578239,Pat Connaughton,G,42,294,2.2,7.47,6.37,0.12,False,SG,,SG
4433149,LJ Cryer,G,18,291,2.23,3.46,11.63,0.0,False,SG,,SG
4065778,Max Strus,G,12,288,3.0,8.12,10.25,0.0,False,SG,,SG
3134916,Jordan McLaughlin,G,44,283,4.83,4.07,5.09,0.25,False,SG,,SG
4397114,Cormac Ryan,G,11,270,2.53,3.73,7.87,0.4,False,SG,,SG
4700852,Chaz Lanier,G,33,264,2.32,3.14,9.14,0.0,False,SG,,SG
4898238,John Poulakidas,G,13,254,1.56,4.25,10.91,0.57,False,SG,,SG
4397821,Nate Williams,G,14,241,2.09,4.48,4.48,0.0,False,SG,,SG
4896365,Adama Bal,G,8,241,2.84,3.73,6.57,0.15,False,SG,,SG
4067017,A.J. Lawson,G,23,226,1.12,6.85,7.17,0.64,False,SG,,SG
4279147,Lucas Williamson,G,7,224,2.89,6.11,8.52,0.16,False,SG,,SG
3913180,Garrison Mathews,G,14,196,1.84,3.12,8.45,0.55,False,SG,,SG
4706557,Chris Youngblood,G,32,187,2.31,5.39,10.4,0.58,False,SG,,SG
4702431,Andersson Garcia,G,5,169,2.98,8.95,2.77,0.85,False,SG,,SG
4411057,Kevin McCullar Jr.,G,19,155,4.65,6.5,5.57,0.0,False,SG,,SG
4702656,Alijah Martin,G,23,145,2.98,5.21,5.21,0.99,True,SG,,SG
4397071,Mac McClung,G,11,135,2.67,2.67,8.0,0.8,True,SG,,SG
4696317,Miles Kelly,G,14,135,3.2,6.4,8.8,0.27,True,SG,,SG
2326307,Seth Curry,G,10,132,2.73,3.27,6.82,0.0,True,SG,,SG
6580,Bradley Beal,G,6,121,2.98,1.49,5.65,0.0,True,SG,,SG
4683736,Kobe Bufkin,G,16,119,3.03,3.93,7.87,0.91,True,SG,,SG
3012,Kyle Lowry,G,14,117,3.38,2.77,7.69,0.62,True,SG,,SG
4433268,Trey Alexander,G,9,111,2.92,3.57,3.89,0.65,True,SG,,SG
4433246,Patrick Baldwin Jr.,G,9,103,1.75,8.04,4.89,1.75,True,SG,,SG
4592216,Alondes Williams,G,4,100,4.32,9.0,5.04,1.08,True,SG,,SG
4597259,Javonte Cooke,G,18,94,2.68,7.28,8.81,0.0,True,SG,,SG
4432817,Johnny Juzang,G,20,87,2.48,7.03,9.93,0.41,True,SG,,SG
4898369,Curtis Jones,G,10,87,4.14,4.55,7.45,0.0,True,SG,,SG
4683749,TyTy Washington Jr.,G,15,86,7.12,2.51,3.35,1.26,True,SG,,SG
4591259,Koby Brea,G,12,85,4.24,3.39,12.71,0.0,True,SG,,SG
3431,Eric Gordon,G,6,74,1.46,0.97,6.81,0.49,True,SG,,SG
4585618,Keshon Gilbert,G,4,74,5.84,2.43,1.46,1.95,True,SG,,SG
4023,Garrett Temple,G,22,73,4.44,4.44,5.92,0.99,True,SG,,SG
4592686,Antonio Reeves,G,10,69,1.57,4.17,6.78,0.0,True,SG,,SG
4701845,Kadary Richmond,G,3,66,4.36,5.45,2.18,0.55,True,SG,,SG
3059310,Monte Morris,G,6,64,5.06,3.94,4.5,0.56,True,SG,,SG
3913220,DaQuan Jeffries,G,3,60,0.6,3.0,5.4,0.0,True,SG,,SG
4433133,Jahmir Young,G,13,58,5.59,2.48,5.59,0.0,True,SG,,SG
4702972,Chris Manon,G,9,47,2.3,7.66,2.3,1.53,True,SG,,SG
4432117,Isaiah Stevens,G,3,43,8.37,2.51,0.84,0.0,True,SG,,SG
4592979,Zyon Pullin,G,5,42,7.71,2.57,2.57,0.0,True,SG,,SG
4701992,Max Shulga,G,9,37,1.95,5.84,3.89,0.0,True,SG,,SG
4066636,Markelle Fultz,G,5,35,8.23,1.03,0.0,0.0,True,SG,,SG
4709131,Sean Pedulla,G,7,31,5.81,3.48,11.61,0.0,True,SG,,SG
4703530,Mark Sears,G,6,26,2.77,2.77,11.08,0.0,True,SG,,SG
4433281,Hunter Sallis,G,7,25,5.76,1.44,0.0,1.44,True,SG,,SG
5176420,Hayden Gray,G,1,25,1.44,0.0,1.44,1.44,True,SG,,SG
4593034,Alex Morales,G,4,24,6.0,4.5,1.5,0.0,True,SG,,SG
4703889,Jayson Kent,G,5,23,0.0,7.83,6.26,1.57,True,SG,,SG
4432645,Trevor Keels,G,7,14,0.0,5.14,23.14,0.0,True,SG,,SG
4590360,Chucky Hepburn,G,2,13,5.54,2.77,13.85,0.0,True,SG,,SG
4592965,Tristen Newton,G,1,12,0.0,9.0,15.0,0.0,True,SG,,SG
4433378,Colby Jones,G,1,7,10.29,20.57,10.29,0.0,True,SG,,SG
4279532,Stanley Umude,G,2,6,6.0,0.0,6.0,0.0,True,SG,,SG
4397450,Darius Brown II,G,1,3,0.0,12.0,0.0,0.0,True,SG,,SG
